<?xml version="1.0"?>
<opencv_storage>
<camera_matrix type_id="opencv-matrix">
  <rows>3</rows>
  <cols>3</cols>
  <dt>d</dt>
  <data>
    4.8854727344630578e+02 0. 3.2761346708364391e+02 0.
    4.9091849599000614e+02 2.2254441480330573e+02 0. 0. 1.</data></camera_matrix>
<dist_coeffs type_id="opencv-matrix">
  <rows>5</rows>
  <cols>1</cols>
  <dt>d</dt>
  <data>
    -3.5418667289337497e-01 1.5860167963301644e-01
    8.8450062260705617e-04 1.2301632171921883e-04
    -3.2697115550510351e-02</data></dist_coeffs>
<rotation_vector type_id="opencv-matrix">
  <rows>3</rows>
  <cols>1</cols>
  <dt>d</dt>
  <data>
    1.3361999300665743e+00 3.5493601730279468e-02
    -1.3753796409259221e-03</data></rotation_vector>
<translation_vector type_id="opencv-matrix">
  <rows>3</rows>
  <cols>1</cols>
  <dt>d</dt>
  <data>
    -2.4066147991233044e+02 6.7143878295866455e+02
    1.3338371002462359e+03</data></translation_vector>
</opencv_storage>
