<?xml version="1.0"?>
<opencv_storage>
<camera_matrix type_id="opencv-matrix">
  <rows>3</rows>
  <cols>3</cols>
  <dt>d</dt>
  <data>
    4.9028211084390591e+02 0. 3.3269827142483854e+02 0.
    4.9281832787310225e+02 2.1762519431541446e+02 0. 0. 1.</data></camera_matrix>
<dist_coeffs type_id="opencv-matrix">
  <rows>5</rows>
  <cols>1</cols>
  <dt>d</dt>
  <data>
    -3.6740242040455384e-01 2.0004305246570234e-01
    7.4196710686930936e-04 1.0749858553827040e-04
    -6.9681883359302324e-02</data></dist_coeffs>
<rotation_vector type_id="opencv-matrix">
  <rows>3</rows>
  <cols>1</cols>
  <dt>d</dt>
  <data>
    1.5065456292929882e+00 5.4829804133726401e-01
    -2.9961241081653373e-01</data></rotation_vector>
<translation_vector type_id="opencv-matrix">
  <rows>3</rows>
  <cols>1</cols>
  <dt>d</dt>
  <data>
    -2.3954915679866713e+02 4.5254004291556703e+02
    2.2287750923663157e+03</data></translation_vector>
</opencv_storage>
