<?xml version="1.0"?>
<opencv_storage>
<camera_matrix type_id="opencv-matrix">
  <rows>3</rows>
  <cols>3</cols>
  <dt>d</dt>
  <data>
    4.8828043765036279e+02 0. 3.2260628052380173e+02 0.
    4.8671038398646982e+02 2.3294661956698016e+02 0. 0. 1.</data></camera_matrix>
<dist_coeffs type_id="opencv-matrix">
  <rows>5</rows>
  <cols>1</cols>
  <dt>d</dt>
  <data>
    -3.5162984031036126e-01 1.5700837266671816e-01
    1.3252113978424981e-03 -3.7419280260180508e-04
    -3.7856909363624083e-02</data></dist_coeffs>
<rotation_vector type_id="opencv-matrix">
  <rows>3</rows>
  <cols>1</cols>
  <dt>d</dt>
  <data>
    1.3667777203708040e+00 -1.7036343868327042e+00
    1.2081123885254721e+00</data></rotation_vector>
<translation_vector type_id="opencv-matrix">
  <rows>3</rows>
  <cols>1</cols>
  <dt>d</dt>
  <data>
    -3.7700472241997879e+01 1.2436599822242492e+03
    2.5322137917605355e+03</data></translation_vector>
</opencv_storage>
