<?xml version="1.0"?>
<opencv_storage>
<camera_matrix type_id="opencv-matrix">
  <rows>3</rows>
  <cols>3</cols>
  <dt>d</dt>
  <data>
    4.8927564050166006e+02 0. 3.4489137888136787e+02 0.
    4.9157898965606358e+02 2.4265014377362587e+02 0. 0. 1.</data></camera_matrix>
<dist_coeffs type_id="opencv-matrix">
  <rows>1</rows>
  <cols>5</cols>
  <dt>d</dt>
  <data>
    -3.7498187025699803e-01 2.1214644036223021e-01
    -5.6878338036390986e-04 -9.2650950702049097e-04
    -7.6357244340431341e-02</data></dist_coeffs>
<rotation_vector type_id="opencv-matrix">
  <rows>3</rows>
  <cols>1</cols>
  <dt>d</dt>
  <data>
    -1.34795008
    -0.64703271
    -0.70933255
  </data></rotation_vector>
<translation_vector type_id="opencv-matrix">
  <rows>3</rows>
  <cols>1</cols>
  <dt>d</dt>
  <data>
    983.81266913
    967.50931198
    4273.78039593
  </data></translation_vector>
</opencv_storage>
